{"cameraMode":{"drawMode":0,"name":"Shaded","section":"Shading Mode"},"sceneLighting":true,"audioPlay":false,"sceneViewState":{"showFog":true,"showMaterialUpdate":false,"showSkybox":true,"showFlares":true,"showImageEffects":true,"showParticleSystems":true},"in2DMode":false,"pivot":{"x":1.0184259414672852,"y":0.3400440216064453,"z":0.4370102882385254},"rotation":{"x":0.4406929016113281,"y":-0.5401207208633423,"z":0.4000486433506012,"w":0.5949962139129639},"size":16.396867752075197,"orthographic":false}